Albania,Armenia,Austria,Azerbejdżan,Andora
Amsterdam,Andora,Ateny,Augustów,Abudża,Akra
Augystyn,Aleksander,Alan,Adam,Adrian,Albert,Anna,Anastazja,Aleksandra,Alicja,Angelika
Ara,Antylopa,Albatros,Aligator,Anakonda,Alpaka
Anestezjolog,Astronauta,Astrofizyk,Architekt,Archeolog,Aktor
Belgia,Barbados,Bułgaria,Brazylia,Bangladesz
Bełchatów,Birmingham,Burton,Berlin,
Bogdan,Beniamin,Bartosz,Bernard,Bazyli,Borys,Brunon,Barbara,Bernadetta,Balbina,Beata,Bożena,Brygida
Biedronka,Bażant,Borsuk,Bóbr
Burmistrz,Biolog,Biotechnolog,Bramkarz,Bokser,Bibliotekarz
Cypr,Chiny,Chorwacja,Czad,Czarnogóra,Czechy,Chile
Chorzów,Cesenatico,Czarnobyl,Ciechocinek,Cieszyn,Ciechanów
Cyprian,Cecylian,Cezary,Cyryl,Cyriak,Czesław,Cecylia,Czesława,Cezaryna,Celina
Chomik,Czapla,Chrabąszcz,Ciela
Celnik,Cukiernik,Cyrkowiec
Dania,Dżibuti,Dominika,Dominikana
Drezno,Dakar,Damaszek,Dili,Dodoma
Dawid,Damian,Daniel,Dionizy,Daria,Dorota,Daniela,Diana,Danuta,Dominika
Delfin,Dinozaur,Daniel
Dekarz,Dyplomata,Drukarz,Dramatopisarz,Dermatolog
Egipt,Ekwador,Erytrea,Estonia,Etiopia
Erywań,Ełk,Elbląg
Eryk,Eliasz,Ernest,Emil,Emanuel,Elżbieta,Eliza,Ewa,Emilia,Estera,Eryka,Eufemia
Emu,Eland
Endokrynolog,Etnograf,Elektryk
Fidżi,Filipiny,Finlandia,Francja
Freetown,Frankfurt,Frombork,Frampol
Fabian,Filip,Filemon,Feliks,Florian,Franciszek,Fryderyk,Faustyna,Felicja,Franciszka,Fiona,Fryderyka,Felicyta
Foka,Fretka,Flądra,Flaming
Fryzjer,Fizyk,Fizjoterapeuta,Finansista,Fotograf
Gabon,Ghana,Grecja,Gruzja,Gujana,Gwinea
Gdynia,Gdańsk,Gubin,Głogów,Gwatemala,Gaborone
Gerard,Grzegorz,Gerwazy,Gaweł,Gilbert,Gabor,Gabriel,Genowefa,Gabriela,Greta,Grażyna,Gracjana,Gracja,Gertruda
Goryl,Gołąb,Gęś,Gawron
Gastronom,Grabarz,Garncarz
Haiti,Haga,Hiszpania,Honduras,Holandia
Hel,Hamburg,Hajnówka,Houston
Hubert,Henryk,Hilary,Horacy,Herman,Hildegarda,Hilaria,Hanna,Halina,Helena,Hermenegilda,Honorata,Hortensja
Halibut,Hien,Hipopotam
Harfistka,Hydraulik
Indie,Indonezja,Irak,Iran,Izrael,Irlandia,Islandia
Iława,Imelin,Inowrocław
Iwo,Irwin,Ildefons,Ireneusz,Izaak,Igor,Ignacy,Iga,Ida,Ingrid,Irena,Iryda,Iwona,Iwetta
Indyk,Iguana
Internista,Inżynier,Inspektor,Introligator
Jamajka,Japonia,Jemen,Jordania
Jasło,Jarosławiec,Jawor,Jaworzno,Jastrowie,Jedlicze,Jastarnia,Jarocin,Jesień
Jaromir,Janusz,Jakub,Jarsoław,Jeremiasz,Jonasz,Jerzy,Joachim,Julia,Julianna,Judyta,Julita,Joanna,Jowita,Jolanta,Jan
Jaguar,Jastrząb,Jak,Jaskółka,Jamnik.
Jubiler,Juhas,Joker
Kambodża,Kamerun,Kanada,Katar,Kazachstan,Kenia,Kuba,Kiribati,Komory,Kongo,KoreaPłd,KoreaPłn,Kostaryka,Kuwejt
Konin,Koszalin,Kraków,Kościan,Kołobrzeg,Koło,Kielce,Katowice,Krosno,KotlinaKłodzka,Kargowa
Krystyn,Kryspin,Karol,Krystian,Kwiryn,Kornel,Konstanty,Karolina,Klementyna,Konstancja,Klara,Kinga
Kot,Kogut,Koń,Kura.
Kelner,Kucharz,Księgowy,Kardiolog,Kominiarz,Krawiec,Kowal
Laos,Lesotho,Liban,Liberia,Litwa,Lichtenstein,Luksemburg
Lubin,Lublin,Lubikowo,Leśna,Leszno,Limanowa,Lębork,Lipno,Lipsko
Ludwik,Lucjan,Leon,Leopold,Leonard,Longin,Lucyna,Lucja,Ludomira,Ludmiła,Ludwika,Lolita,Lilia,Lilianna,Luiza
Lama,Lis,Lampart,Lew
Laryngolog,Literat,Lakiernik,Leśniczy
Malawi,Madagaskar,Macedonia,Malezja,Malediwy,Mali,Malta,Maroko,Mauretania,Mauritius,Meksyk,Mikronezja,Mjanma,Monako,Mongolia,Mozambik
Mińsk,Moskwa,Malbork,Margonin,Mielec,Miastko,Mielno
Marek,Marcin,Marcel,Mateusz,Melchior,Marian,Mieczysław,Magdalena,Marcelina,Mercedez,Milena,Malwina,Małgorzata,Maria
Modliszka,Muł,Mamut,Mrówka
Malarz,Mechanik,Motorniczy,Modelarz,Monter
Namibia,Nauru,Nepal,Niemcy,Niger,Nigeria,Nikaragua,Norwegia,NowaZelandia
Nysa,Nisko,Nierzawa,Niemcza,Niepołomice,NowyJork,Nekla,Narol
Natan,Norbert,Nikodem,Narcyz,Napoleon,Nahum,Natalia,Nadia,Nina,Noemi,Nadzieja
Norka,Niedźwiedź,Nietoperz
Nauczyciel,Naukowiec
Oman
Oborniki,Olecko,Otusz,Olkusz,Olsztyn,Olsztynek,Opole,Opalenica,Opoczno
Olaf,Olgierd,Ozeasz,Otniel,Oswald,Oliwia,Oktawia,Olga,Otylia,Ofelia,Oktawia
Orka,Osa,Okoń
Okulista,Obuwnik,Ogrodnik,Operator,Opiekun,Ortopedia,Ortodonta,Optyk
Pakistan,Palau,Panama,Paragwaj,Peru,Polska,Portugalia
Poznań,Paczków,Pabianice,Pilica,Pilzno,Pakość,Portsmouth,Piotr,Paweł,Patryk,Patrycjusz
Patrycja,Pola,Paulina,Pelagia,Pryscylla
Padalec,Paź,Pelikan
PortoNovo,Pekin,Praga,Podgorica,Prisztina
Rosja,Rumunia,Rwanda
Radom,Radlin,Radka,Rakoniewice,Rawicz,Recz,Regeda,Rumia
Robert,Rafał,Rudolf,Remigiusz,Radosław,Renata,Roksana,Róża,Regina,Rita,Ramona
Rekin,Rak,Rybitwa
Redaktor,Rzecznik,Rybak,Rolnik,Ratownik
SaintLucia,Salwador,Samoa,Senegal,SanMarino,Serbia,Seszele,SierraLeone,Singapur,Słowacja,Słowenia,SriLanka,StanyZjednoczone,Suazi,Somalia,Sudan,SudanPłd,Syria,Szwecja,Szwajcaria,Surinam
Sandomierz,Sierpc,Sieraków,Sosnowiec,Sieradz,Sieniawa,Słupsk
Sebastian,Sławomir,Seweryn,Samuel,Stefan,Stanisław,Sylwester,Sandra,Sylwia,Sabina,Sabrina,Sonia,Stella,Sara,Scholastyka,Szymon
Słoń,Struś,Słowik,Sarna
Strażak,Socjolog,Sprzedawca,Stolarz,Stroiciel,Spedytor
Tajlandia,Tadżykistan,Tanzania,TimorWschodni,Togo,Tonga,Trynidadi,Tobago,Tunezja,Turcja,Turkmenistan,Tuvalu
Tczew,Toruń,Tarczyn,Trzcianka,Trzciel,Torzym,Toszek
Tadeusz,Teofil,Teodor,Tobiasz,Tomasz,Tymoteusz,Tatiana,Temira,Teresa,Tola,Tekla
Tygrys,Tarantula,Tęcznik
Tancerz,Tłumacz,Technik,Teolog,Terapeuta
Uganda,Urugwaj,Ukraina,Uzbekistan
Ujazd,Ujście,Ustka,Ustroń,UstrzykiDolne,Uniejów
Ulryk,Urban,Ursyn,Urszula
Ukleja,Uszatek
Urolog,Urzędnik
Watykan,Wenezuela,Węgry,WielkaBrytania,Wietnam,Włochy,WybrzeżeKościSłoniowej,WyspySalomona,WyspyMashalla
Wilno,Watykan,Wiedeń,Warszawa,Waszyngton
Wiesław,Widomir,Włodzimierz,Witold,Wojciech,Wilhelm,Wiktor,Wanda,Wioletta,Wiktoria,Weronika,Wacława,Waleria
Wilk,Wiewiórka,Wydra
Weterynarz,Wodzirej,Wędliniarz,Wiertacz
Zambia,Zimbabwe,ZjednoczoneEmiratyArabskie
Zbąszyń,Zbąszynek,ZielonaGóra,Zamość,Zakopane
Zachariasz,Zenon,Zenobiusz,Zdzisław,Zygfryd,Zygmunt,Zofia,Zuzanna,Zyta,Zefiryna,Zenobia
Zając,Zebra,Zaskroniec
Zegarmistrz,Zoolog,Złotnik,Zdun
